<?xml version="1.0" encoding="UTF-8"?>
<project-private xmlns="http://www.netbeans.org/ns/project-private/1">
    <editor-bookmarks xmlns="http://www.netbeans.org/ns/editor-bookmarks/2" lastBookmarkId="0"/>
    <open-files xmlns="http://www.netbeans.org/ns/projectui-open-files/2">
        <group>
            <file>file:/C:/Users/PC/Desktop/project/src/project/FunBits.java</file>
            <file>file:/C:/Users/PC/Desktop/project/src/project/InvalidOrderID.java</file>
            <file>file:/C:/Users/PC/Desktop/project/src/project/Screenshot_2024-11-25_215423-removebg-preview.png</file>
            <file>file:/C:/Users/PC/Desktop/project/src/project/TestResturant.java</file>
            <file>file:/C:/Users/PC/Desktop/project/src/project/food.java</file>
            <file>file:/C:/Users/PC/Desktop/project/src/project/drink.java</file>
            <file>file:/C:/Users/PC/Desktop/project/src/project/frame2.java</file>
            <file>file:/C:/Users/PC/Desktop/project/src/project/frame4.java</file>
            <file>file:/C:/Users/PC/Desktop/project/src/project/frame4_with_bill.java</file>
            <file>file:/C:/Users/PC/Desktop/project/src/project/menuitem.java</file>
            <file>file:/C:/Users/PC/Desktop/project/src/project/order.java</file>
            <file>file:/C:/Users/PC/Desktop/project/src/project/resturant.java</file>
            <file>file:/C:/Users/PC/Desktop/project/src/project/serving_tempreture.java</file>
        </group>
    </open-files>
</project-private>
